Source MAC,Destination MAC,Protocol,Service,Source Address,Destination Address,Sequence Number,Acknowledgement Number,SYN Bit,ACK Bit,FIN Bit,Src Bytes,Duration
50:9A:4C:1E:09:A4,48:BA:4E:23:EE:49,1,66,10.3.2.221,10.3.3.63,n,n,n,n,n,0,0.0
48:BA:4E:23:EE:49,50:9A:4C:1E:09:A4,1,66,10.3.3.63,10.3.2.221,n,n,n,n,n,0,0.0012171268463134766
50:9A:4C:1E:05:BE,48:BA:4E:23:EE:49,1,66,10.3.2.222,10.3.3.63,n,n,n,n,n,0,0.5747189521789551
48:BA:4E:23:EE:49,50:9A:4C:1E:05:BE,1,66,10.3.3.63,10.3.2.222,n,n,n,n,n,0,0.5766656398773193
50:9A:4C:1E:05:BE,48:BA:4E:23:EE:49,1,66,10.3.2.222,10.3.3.63,n,n,n,n,n,0,0.5781662464141846
48:BA:4E:23:EE:49,50:9A:4C:1E:05:BE,1,66,10.3.3.63,10.3.2.222,n,n,n,n,n,0,0.5795011520385742
50:9A:4C:1E:05:BE,48:BA:4E:23:EE:49,1,66,10.3.2.222,10.3.3.63,n,n,n,n,n,0,0.5809593200683594
48:BA:4E:23:EE:49,50:9A:4C:1E:05:BE,1,66,10.3.3.63,10.3.2.222,n,n,n,n,n,0,0.5823867321014404
50:9A:4C:1E:05:BE,48:BA:4E:23:EE:49,1,66,10.3.2.222,10.3.3.63,n,n,n,n,n,0,0.5839083194732666
48:BA:4E:23:EE:49,50:9A:4C:1E:05:BE,1,66,10.3.3.63,10.3.2.222,n,n,n,n,n,0,0.5853300094604492
50:9A:4C:1E:05:BE,48:BA:4E:23:EE:49,1,66,10.3.2.222,10.3.3.63,n,n,n,n,n,0,0.586658239364624
48:BA:4E:23:EE:49,50:9A:4C:1E:05:BE,1,66,10.3.3.63,10.3.2.222,n,n,n,n,n,0,0.588371992111206
50:9A:4C:1E:05:BE,48:BA:4E:23:EE:49,1,66,10.3.2.222,10.3.3.63,n,n,n,n,n,0,0.5904860496520996
48:BA:4E:23:EE:49,50:9A:4C:1E:05:BE,1,66,10.3.3.63,10.3.2.222,n,n,n,n,n,0,0.5919764041900635
50:9A:4C:1E:05:BE,48:BA:4E:23:EE:49,1,66,10.3.2.222,10.3.3.63,n,n,n,n,n,0,0.593071699142456
48:BA:4E:23:EE:49,50:9A:4C:1E:05:BE,1,66,10.3.3.63,10.3.2.222,n,n,n,n,n,0,0.5947706699371338
50:9A:4C:1E:05:BE,48:BA:4E:23:EE:49,1,66,10.3.2.222,10.3.3.63,n,n,n,n,n,0,0.5978176593780518
48:BA:4E:23:EE:49,50:9A:4C:1E:05:BE,1,66,10.3.3.63,10.3.2.222,n,n,n,n,n,0,0.5990562438964844
50:9A:4C:1E:05:BE,48:BA:4E:23:EE:49,1,66,10.3.2.222,10.3.3.63,n,n,n,n,n,0,0.6001317501068115
48:BA:4E:23:EE:49,50:9A:4C:1E:05:BE,1,66,10.3.3.63,10.3.2.222,n,n,n,n,n,0,0.6013913154602051
50:9A:4C:1E:05:BE,48:BA:4E:23:EE:49,1,66,10.3.2.222,10.3.3.63,n,n,n,n,n,0,0.6028676033020021
48:BA:4E:23:EE:49,50:9A:4C:1E:05:BE,1,66,10.3.3.63,10.3.2.222,n,n,n,n,n,0,0.6044232845306396
50:9A:4C:1E:05:BE,48:BA:4E:23:EE:49,1,66,10.3.2.222,10.3.3.63,n,n,n,n,n,0,0.6059994697570801
48:BA:4E:23:EE:49,50:9A:4C:1E:05:BE,1,66,10.3.3.63,10.3.2.222,n,n,n,n,n,0,0.6068217754364014
50:9A:4C:1E:05:BE,48:BA:4E:23:EE:49,1,66,10.3.2.222,10.3.3.63,n,n,n,n,n,0,0.6078219413757324
48:BA:4E:23:EE:49,50:9A:4C:1E:05:BE,1,66,10.3.3.63,10.3.2.222,n,n,n,n,n,0,0.6088957786560059
50:9A:4C:1E:05:BE,48:BA:4E:23:EE:49,1,66,10.3.2.222,10.3.3.63,n,n,n,n,n,0,0.6098182201385498
48:BA:4E:23:EE:49,50:9A:4C:1E:05:BE,1,66,10.3.3.63,10.3.2.222,n,n,n,n,n,0,0.6105976104736328
50:9A:4C:1E:05:BE,48:BA:4E:23:EE:49,1,66,10.3.2.222,10.3.3.63,n,n,n,n,n,0,0.6120688915252686
48:BA:4E:23:EE:49,50:9A:4C:1E:05:BE,1,66,10.3.3.63,10.3.2.222,n,n,n,n,n,0,0.6136353015899658
50:9A:4C:1E:05:BE,48:BA:4E:23:EE:49,1,66,10.3.2.222,10.3.3.63,n,n,n,n,n,0,0.6151630878448486
48:BA:4E:23:EE:49,50:9A:4C:1E:05:BE,1,66,10.3.3.63,10.3.2.222,n,n,n,n,n,0,0.6160366535186768
50:9A:4C:1E:05:BE,48:BA:4E:23:EE:49,1,66,10.3.2.222,10.3.3.63,n,n,n,n,n,0,0.6164047718048096
48:BA:4E:23:EE:49,50:9A:4C:1E:05:BE,1,66,10.3.3.63,10.3.2.222,n,n,n,n,n,0,0.6167271137237549
50:9A:4C:1E:05:BE,48:BA:4E:23:EE:49,1,66,10.3.2.222,10.3.3.63,n,n,n,n,n,0,0.6170549392700195
48:BA:4E:23:EE:49,50:9A:4C:1E:05:BE,1,66,10.3.3.63,10.3.2.222,n,n,n,n,n,0,0.6173446178436279
50:9A:4C:1E:05:BE,48:BA:4E:23:EE:49,1,66,10.3.2.222,10.3.3.63,n,n,n,n,n,0,0.617664098739624
48:BA:4E:23:EE:49,50:9A:4C:1E:05:BE,1,66,10.3.3.63,10.3.2.222,n,n,n,n,n,0,0.6179585456848145
50:9A:4C:1E:05:BE,48:BA:4E:23:EE:49,1,66,10.3.2.222,10.3.3.63,n,n,n,n,n,0,0.6182706356048584
48:BA:4E:23:EE:49,50:9A:4C:1E:05:BE,1,66,10.3.3.63,10.3.2.222,n,n,n,n,n,0,0.6185662746429443
50:9A:4C:1E:05:BE,48:BA:4E:23:EE:49,1,66,10.3.2.222,10.3.3.63,n,n,n,n,n,0,0.6188755035400391
48:BA:4E:23:EE:49,50:9A:4C:1E:05:BE,1,66,10.3.3.63,10.3.2.222,n,n,n,n,n,0,0.6191866397857666
50:9A:4C:1E:05:BE,48:BA:4E:23:EE:49,1,66,10.3.2.222,10.3.3.63,n,n,n,n,n,0,0.6195206642150879
48:BA:4E:23:EE:49,50:9A:4C:1E:05:BE,1,66,10.3.3.63,10.3.2.222,n,n,n,n,n,0,0.6198170185089111
50:9A:4C:1E:05:BE,48:BA:4E:23:EE:49,1,66,10.3.2.222,10.3.3.63,n,n,n,n,n,0,0.6201255321502686
48:BA:4E:23:EE:49,50:9A:4C:1E:05:BE,1,66,10.3.3.63,10.3.2.222,n,n,n,n,n,0,0.6204192638397217
50:9A:4C:1E:05:BE,48:BA:4E:23:EE:49,1,66,10.3.2.222,10.3.3.63,n,n,n,n,n,0,0.6207304000854492
48:BA:4E:23:EE:49,50:9A:4C:1E:05:BE,1,66,10.3.3.63,10.3.2.222,n,n,n,n,n,0,0.6210179328918457
50:9A:4C:1E:05:BE,48:BA:4E:23:EE:49,1,66,10.3.2.222,10.3.3.63,n,n,n,n,n,0,0.6212689876556396
48:BA:4E:23:EE:49,50:9A:4C:1E:05:BE,1,66,10.3.3.63,10.3.2.222,n,n,n,n,n,0,0.6215193271636963
50:9A:4C:1E:05:BE,48:BA:4E:23:EE:49,1,66,10.3.2.222,10.3.3.63,n,n,n,n,n,0,0.6217787265777588
48:BA:4E:23:EE:49,50:9A:4C:1E:05:BE,1,66,10.3.3.63,10.3.2.222,n,n,n,n,n,0,0.6220166683197021
50:9A:4C:1E:05:BE,48:BA:4E:23:EE:49,1,66,10.3.2.222,10.3.3.63,n,n,n,n,n,0,0.6222608089447021
48:BA:4E:23:EE:49,50:9A:4C:1E:05:BE,1,66,10.3.3.63,10.3.2.222,n,n,n,n,n,0,0.622516393661499
50:9A:4C:1E:05:BE,48:BA:4E:23:EE:49,1,66,10.3.2.222,10.3.3.63,n,n,n,n,n,0,0.6226868629455566
48:BA:4E:23:EE:49,50:9A:4C:1E:05:BE,1,66,10.3.3.63,10.3.2.222,n,n,n,n,n,0,0.622849702835083
50:9A:4C:1E:05:BE,48:BA:4E:23:EE:49,1,66,10.3.2.222,10.3.3.63,n,n,n,n,n,0,0.6230735778808594
48:BA:4E:23:EE:49,50:9A:4C:1E:05:BE,1,66,10.3.3.63,10.3.2.222,n,n,n,n,n,0,0.6234867572784424
50:9A:4C:1E:05:BE,48:BA:4E:23:EE:49,1,66,10.3.2.222,10.3.3.63,n,n,n,n,n,0,0.6237516403198242
48:BA:4E:23:EE:49,50:9A:4C:1E:05:BE,1,66,10.3.3.63,10.3.2.222,n,n,n,n,n,0,0.6240227222442627
50:9A:4C:1E:05:BE,48:BA:4E:23:EE:49,1,66,10.3.2.222,10.3.3.63,n,n,n,n,n,0,0.6242687702178955
48:BA:4E:23:EE:49,50:9A:4C:1E:05:BE,1,66,10.3.3.63,10.3.2.222,n,n,n,n,n,0,0.6244938373565674
50:9A:4C:1E:05:BE,48:BA:4E:23:EE:49,1,66,10.3.2.222,10.3.3.63,n,n,n,n,n,0,0.6247134208679199
48:BA:4E:23:EE:49,50:9A:4C:1E:05:BE,1,66,10.3.3.63,10.3.2.222,n,n,n,n,n,0,0.6249468326568604
50:9A:4C:1E:05:BE,48:BA:4E:23:EE:49,1,66,10.3.2.222,10.3.3.63,n,n,n,n,n,0,0.6251983642578125
48:BA:4E:23:EE:49,50:9A:4C:1E:05:BE,1,66,10.3.3.63,10.3.2.222,n,n,n,n,n,0,0.625499963760376
50:9A:4C:1E:05:BE,48:BA:4E:23:EE:49,1,66,10.3.2.222,10.3.3.63,n,n,n,n,n,0,0.6257815361022949
48:BA:4E:23:EE:49,50:9A:4C:1E:05:BE,1,66,10.3.3.63,10.3.2.222,n,n,n,n,n,0,0.6260907649993896
50:9A:4C:1E:05:BE,48:BA:4E:23:EE:49,1,66,10.3.2.222,10.3.3.63,n,n,n,n,n,0,0.6262953281402588
48:BA:4E:23:EE:49,50:9A:4C:1E:05:BE,1,66,10.3.3.63,10.3.2.222,n,n,n,n,n,0,0.6264903545379639
50:9A:4C:1E:05:BE,48:BA:4E:23:EE:49,1,66,10.3.2.222,10.3.3.63,n,n,n,n,n,0,0.6266794204711914
48:BA:4E:23:EE:49,50:9A:4C:1E:05:BE,1,66,10.3.3.63,10.3.2.222,n,n,n,n,n,0,0.6268692016601562
50:9A:4C:1E:05:BE,48:BA:4E:23:EE:49,1,66,10.3.2.222,10.3.3.63,n,n,n,n,n,0,0.6270692348480225
48:BA:4E:23:EE:49,50:9A:4C:1E:05:BE,1,66,10.3.3.63,10.3.2.222,n,n,n,n,n,0,0.6272573471069336
50:9A:4C:1E:05:BE,48:BA:4E:23:EE:49,1,66,10.3.2.222,10.3.3.63,n,n,n,n,n,0,0.6274421215057373
48:BA:4E:23:EE:49,50:9A:4C:1E:05:BE,1,66,10.3.3.63,10.3.2.222,n,n,n,n,n,0,0.6276206970214844
50:9A:4C:1E:05:BE,48:BA:4E:23:EE:49,1,66,10.3.2.222,10.3.3.63,n,n,n,n,n,0,0.6278395652770996
48:BA:4E:23:EE:49,50:9A:4C:1E:05:BE,1,66,10.3.3.63,10.3.2.222,n,n,n,n,n,0,0.6280670166015625
50:9A:4C:1E:05:BE,48:BA:4E:23:EE:49,1,66,10.3.2.222,10.3.3.63,n,n,n,n,n,0,0.6283116340637207
48:BA:4E:23:EE:49,50:9A:4C:1E:05:BE,1,66,10.3.3.63,10.3.2.222,n,n,n,n,n,0,0.6285297870635986
50:9A:4C:1E:05:BE,48:BA:4E:23:EE:49,1,66,10.3.2.222,10.3.3.63,n,n,n,n,n,0,0.6287708282470703
48:BA:4E:23:EE:49,50:9A:4C:1E:05:BE,1,66,10.3.3.63,10.3.2.222,n,n,n,n,n,0,0.6289870738983154
50:9A:4C:1E:05:BE,48:BA:4E:23:EE:49,1,66,10.3.2.222,10.3.3.63,n,n,n,n,n,0,0.629183292388916
48:BA:4E:23:EE:49,50:9A:4C:1E:05:BE,1,66,10.3.3.63,10.3.2.222,n,n,n,n,n,0,0.6293749809265137
50:9A:4C:1E:05:BE,48:BA:4E:23:EE:49,1,66,10.3.2.222,10.3.3.63,n,n,n,n,n,0,0.6296272277832031
48:BA:4E:23:EE:49,50:9A:4C:1E:05:BE,1,66,10.3.3.63,10.3.2.222,n,n,n,n,n,0,0.6298415660858154
50:9A:4C:1E:05:BE,48:BA:4E:23:EE:49,1,66,10.3.2.222,10.3.3.63,n,n,n,n,n,0,0.6300301551818848
48:BA:4E:23:EE:49,50:9A:4C:1E:05:BE,1,66,10.3.3.63,10.3.2.222,n,n,n,n,n,0,0.6302118301391602
50:9A:4C:1E:05:BE,48:BA:4E:23:EE:49,1,66,10.3.2.222,10.3.3.63,n,n,n,n,n,0,0.6304619312286377
48:BA:4E:23:EE:49,50:9A:4C:1E:05:BE,1,66,10.3.3.63,10.3.2.222,n,n,n,n,n,0,0.6306612491607666
50:9A:4C:1E:05:BE,48:BA:4E:23:EE:49,1,66,10.3.2.222,10.3.3.63,n,n,n,n,n,0,0.630866289138794
48:BA:4E:23:EE:49,50:9A:4C:1E:05:BE,1,66,10.3.3.63,10.3.2.222,n,n,n,n,n,0,0.6310710906982422
50:9A:4C:1E:05:BE,48:BA:4E:23:EE:49,1,66,10.3.2.222,10.3.3.63,n,n,n,n,n,0,0.6312260627746582
48:BA:4E:23:EE:49,50:9A:4C:1E:05:BE,1,66,10.3.3.63,10.3.2.222,n,n,n,n,n,0,0.6313812732696533
50:9A:4C:1E:05:BE,48:BA:4E:23:EE:49,1,66,10.3.2.222,10.3.3.63,n,n,n,n,n,0,0.6315727233886719
48:BA:4E:23:EE:49,50:9A:4C:1E:05:BE,1,66,10.3.3.63,10.3.2.222,n,n,n,n,n,0,0.6317360401153564
50:9A:4C:1E:05:BE,48:BA:4E:23:EE:49,1,66,10.3.2.222,10.3.3.63,n,n,n,n,n,0,0.6319334506988525
48:BA:4E:23:EE:49,50:9A:4C:1E:05:BE,1,66,10.3.3.63,10.3.2.222,n,n,n,n,n,0,0.6321501731872559
50:9A:4C:1E:05:BE,48:BA:4E:23:EE:49,1,66,10.3.2.222,10.3.3.63,n,n,n,n,n,0,0.6323497295379639
48:BA:4E:23:EE:49,50:9A:4C:1E:05:BE,1,66,10.3.3.63,10.3.2.222,n,n,n,n,n,0,0.6325502395629883
50:9A:4C:1E:05:BE,48:BA:4E:23:EE:49,1,66,10.3.2.222,10.3.3.63,n,n,n,n,n,0,0.6327407360076904
48:BA:4E:23:EE:49,50:9A:4C:1E:05:BE,1,66,10.3.3.63,10.3.2.222,n,n,n,n,n,0,0.6329090595245361
50:9A:4C:1E:05:BE,48:BA:4E:23:EE:49,1,66,10.3.2.222,10.3.3.63,n,n,n,n,n,0,0.6331057548522949
48:BA:4E:23:EE:49,50:9A:4C:1E:05:BE,1,66,10.3.3.63,10.3.2.222,n,n,n,n,n,0,0.6332700252532959
50:9A:4C:1E:05:BE,48:BA:4E:23:EE:49,1,66,10.3.2.222,10.3.3.63,n,n,n,n,n,0,0.6334607601165771
48:BA:4E:23:EE:49,50:9A:4C:1E:05:BE,1,66,10.3.3.63,10.3.2.222,n,n,n,n,n,0,0.6336755752563477
50:9A:4C:1E:05:BE,48:BA:4E:23:EE:49,1,66,10.3.2.222,10.3.3.63,n,n,n,n,n,0,0.6338779926300049
48:BA:4E:23:EE:49,50:9A:4C:1E:05:BE,1,66,10.3.3.63,10.3.2.222,n,n,n,n,n,0,0.6340532302856445
50:9A:4C:1E:05:BE,48:BA:4E:23:EE:49,1,66,10.3.2.222,10.3.3.63,n,n,n,n,n,0,0.6342370510101318
48:BA:4E:23:EE:49,50:9A:4C:1E:05:BE,1,66,10.3.3.63,10.3.2.222,n,n,n,n,n,0,0.6344215869903564
50:9A:4C:1E:05:BE,48:BA:4E:23:EE:49,1,66,10.3.2.222,10.3.3.63,n,n,n,n,n,0,0.6346137523651123
48:BA:4E:23:EE:49,50:9A:4C:1E:05:BE,1,66,10.3.3.63,10.3.2.222,n,n,n,n,n,0,0.634824275970459
50:9A:4C:1E:05:BE,48:BA:4E:23:EE:49,1,66,10.3.2.222,10.3.3.63,n,n,n,n,n,0,0.6350269317626953
48:BA:4E:23:EE:49,50:9A:4C:1E:05:BE,1,66,10.3.3.63,10.3.2.222,n,n,n,n,n,0,0.6352555751800537
50:9A:4C:1E:05:BE,48:BA:4E:23:EE:49,1,66,10.3.2.222,10.3.3.63,n,n,n,n,n,0,0.6354236602783203
48:BA:4E:23:EE:49,50:9A:4C:1E:05:BE,1,66,10.3.3.63,10.3.2.222,n,n,n,n,n,0,0.6356086730957031
50:9A:4C:1E:05:BE,48:BA:4E:23:EE:49,1,66,10.3.2.222,10.3.3.63,n,n,n,n,n,0,0.6357655525207521
48:BA:4E:23:EE:49,50:9A:4C:1E:05:BE,1,66,10.3.3.63,10.3.2.222,n,n,n,n,n,0,0.6359679698944092
50:9A:4C:1E:05:BE,48:BA:4E:23:EE:49,1,66,10.3.2.222,10.3.3.63,n,n,n,n,n,0,0.6361522674560547
48:BA:4E:23:EE:49,50:9A:4C:1E:05:BE,1,66,10.3.3.63,10.3.2.222,n,n,n,n,n,0,0.6362967491149902
50:9A:4C:1E:05:BE,48:BA:4E:23:EE:49,1,66,10.3.2.222,10.3.3.63,n,n,n,n,n,0,0.6365010738372803
48:BA:4E:23:EE:49,50:9A:4C:1E:05:BE,1,66,10.3.3.63,10.3.2.222,n,n,n,n,n,0,0.6366968154907227
50:9A:4C:1E:05:BE,48:BA:4E:23:EE:49,1,66,10.3.2.222,10.3.3.63,n,n,n,n,n,0,0.6368968486785889
48:BA:4E:23:EE:49,50:9A:4C:1E:05:BE,1,66,10.3.3.63,10.3.2.222,n,n,n,n,n,0,0.6370975971221924
50:9A:4C:1E:05:BE,48:BA:4E:23:EE:49,1,66,10.3.2.222,10.3.3.63,n,n,n,n,n,0,0.6372575759887695
48:BA:4E:23:EE:49,50:9A:4C:1E:05:BE,1,66,10.3.3.63,10.3.2.222,n,n,n,n,n,0,0.6374020576477051
50:9A:4C:1E:05:BE,48:BA:4E:23:EE:49,1,66,10.3.2.222,10.3.3.63,n,n,n,n,n,0,0.6375341415405273
48:BA:4E:23:EE:49,50:9A:4C:1E:05:BE,1,66,10.3.3.63,10.3.2.222,n,n,n,n,n,0,0.6376571655273438
50:9A:4C:1E:05:BE,48:BA:4E:23:EE:49,1,66,10.3.2.222,10.3.3.63,n,n,n,n,n,0,0.6377692222595215
48:BA:4E:23:EE:49,50:9A:4C:1E:05:BE,1,66,10.3.3.63,10.3.2.222,n,n,n,n,n,0,0.6378686428070068
50:9A:4C:1E:05:BE,48:BA:4E:23:EE:49,1,66,10.3.2.222,10.3.3.63,n,n,n,n,n,0,0.6379952430725098
48:BA:4E:23:EE:49,50:9A:4C:1E:05:BE,1,66,10.3.3.63,10.3.2.222,n,n,n,n,n,0,0.6381254196166992
50:9A:4C:1E:05:BE,48:BA:4E:23:EE:49,1,66,10.3.2.222,10.3.3.63,n,n,n,n,n,0,0.6382629871368408
48:BA:4E:23:EE:49,50:9A:4C:1E:05:BE,1,66,10.3.3.63,10.3.2.222,n,n,n,n,n,0,0.6383850574493408
50:9A:4C:1E:05:BE,48:BA:4E:23:EE:49,1,66,10.3.2.222,10.3.3.63,n,n,n,n,n,0,0.6384985446929932
48:BA:4E:23:EE:49,50:9A:4C:1E:05:BE,1,66,10.3.3.63,10.3.2.222,n,n,n,n,n,0,0.638641357421875
50:9A:4C:1E:05:BE,48:BA:4E:23:EE:49,1,66,10.3.2.222,10.3.3.63,n,n,n,n,n,0,0.6387431621551514
48:BA:4E:23:EE:49,50:9A:4C:1E:05:BE,1,66,10.3.3.63,10.3.2.222,n,n,n,n,n,0,0.638866662979126
50:9A:4C:1E:05:BE,48:BA:4E:23:EE:49,1,66,10.3.2.222,10.3.3.63,n,n,n,n,n,0,0.6390609741210938
48:BA:4E:23:EE:49,50:9A:4C:1E:05:BE,1,66,10.3.3.63,10.3.2.222,n,n,n,n,n,0,0.6393141746520996
50:9A:4C:1E:05:BE,48:BA:4E:23:EE:49,1,66,10.3.2.222,10.3.3.63,n,n,n,n,n,0,0.6396458148956299
48:BA:4E:23:EE:49,50:9A:4C:1E:05:BE,1,66,10.3.3.63,10.3.2.222,n,n,n,n,n,0,0.6398353576660156
50:9A:4C:1E:05:BE,48:BA:4E:23:EE:49,1,66,10.3.2.222,10.3.3.63,n,n,n,n,n,0,0.6400809288024902
48:BA:4E:23:EE:49,50:9A:4C:1E:05:BE,1,66,10.3.3.63,10.3.2.222,n,n,n,n,n,0,0.6402616500854492
50:9A:4C:1E:05:BE,48:BA:4E:23:EE:49,1,66,10.3.2.222,10.3.3.63,n,n,n,n,n,0,0.6404209136962891
48:BA:4E:23:EE:49,50:9A:4C:1E:05:BE,1,66,10.3.3.63,10.3.2.222,n,n,n,n,n,0,0.6405413150787354
50:9A:4C:1E:05:BE,48:BA:4E:23:EE:49,1,66,10.3.2.222,10.3.3.63,n,n,n,n,n,0,0.6406788825988771
48:BA:4E:23:EE:49,50:9A:4C:1E:05:BE,1,66,10.3.3.63,10.3.2.222,n,n,n,n,n,0,0.6408216953277588
50:9A:4C:1E:05:BE,48:BA:4E:23:EE:49,1,66,10.3.2.222,10.3.3.63,n,n,n,n,n,0,0.6409733295440674
48:BA:4E:23:EE:49,50:9A:4C:1E:05:BE,1,66,10.3.3.63,10.3.2.222,n,n,n,n,n,0,0.6410930156707764
50:9A:4C:1E:05:BE,48:BA:4E:23:EE:49,1,66,10.3.2.222,10.3.3.63,n,n,n,n,n,0,0.6412250995635986
48:BA:4E:23:EE:49,50:9A:4C:1E:05:BE,1,66,10.3.3.63,10.3.2.222,n,n,n,n,n,0,0.6413850784301758
50:9A:4C:1E:05:BE,48:BA:4E:23:EE:49,1,66,10.3.2.222,10.3.3.63,n,n,n,n,n,0,0.6415448188781738
48:BA:4E:23:EE:49,50:9A:4C:1E:05:BE,1,66,10.3.3.63,10.3.2.222,n,n,n,n,n,0,0.6417307853698729
50:9A:4C:1E:05:BE,48:BA:4E:23:EE:49,1,66,10.3.2.222,10.3.3.63,n,n,n,n,n,0,0.6418995857238771
48:BA:4E:23:EE:49,50:9A:4C:1E:05:BE,1,66,10.3.3.63,10.3.2.222,n,n,n,n,n,0,0.6420092582702637
50:9A:4C:1E:05:BE,48:BA:4E:23:EE:49,1,66,10.3.2.222,10.3.3.63,n,n,n,n,n,0,0.6421389579772949
48:BA:4E:23:EE:49,50:9A:4C:1E:05:BE,1,66,10.3.3.63,10.3.2.222,n,n,n,n,n,0,0.6422877311706543
50:9A:4C:1E:05:BE,48:BA:4E:23:EE:49,1,66,10.3.2.222,10.3.3.63,n,n,n,n,n,0,0.6424727439880371
48:BA:4E:23:EE:49,50:9A:4C:1E:05:BE,1,66,10.3.3.63,10.3.2.222,n,n,n,n,n,0,0.6426279544830322
50:9A:4C:1E:05:BE,48:BA:4E:23:EE:49,1,66,10.3.2.222,10.3.3.63,n,n,n,n,n,0,0.6427714824676514
48:BA:4E:23:EE:49,50:9A:4C:1E:05:BE,1,66,10.3.3.63,10.3.2.222,n,n,n,n,n,0,0.6429297924041748
50:9A:4C:1E:05:BE,48:BA:4E:23:EE:49,1,66,10.3.2.222,10.3.3.63,n,n,n,n,n,0,0.643108606338501
48:BA:4E:23:EE:49,50:9A:4C:1E:05:BE,1,66,10.3.3.63,10.3.2.222,n,n,n,n,n,0,0.6433219909667969
50:9A:4C:1E:05:BE,48:BA:4E:23:EE:49,1,66,10.3.2.222,10.3.3.63,n,n,n,n,n,0,0.6434857845306396
48:BA:4E:23:EE:49,50:9A:4C:1E:05:BE,1,66,10.3.3.63,10.3.2.222,n,n,n,n,n,0,0.6438059806823729
50:9A:4C:1E:05:BE,48:BA:4E:23:EE:49,1,66,10.3.2.222,10.3.3.63,n,n,n,n,n,0,0.6442179679870605
48:BA:4E:23:EE:49,50:9A:4C:1E:05:BE,1,66,10.3.3.63,10.3.2.222,n,n,n,n,n,0,0.6444787979125977
50:9A:4C:1E:05:BE,48:BA:4E:23:EE:49,1,66,10.3.2.222,10.3.3.63,n,n,n,n,n,0,0.6447100639343262
48:BA:4E:23:EE:49,50:9A:4C:1E:05:BE,1,66,10.3.3.63,10.3.2.222,n,n,n,n,n,0,0.6448941230773926
50:9A:4C:1E:05:BE,48:BA:4E:23:EE:49,1,66,10.3.2.222,10.3.3.63,n,n,n,n,n,0,0.6451117992401123
48:BA:4E:23:EE:49,50:9A:4C:1E:05:BE,1,66,10.3.3.63,10.3.2.222,n,n,n,n,n,0,0.6452813148498535
50:9A:4C:1E:05:BE,48:BA:4E:23:EE:49,1,66,10.3.2.222,10.3.3.63,n,n,n,n,n,0,0.6454250812530518
48:BA:4E:23:EE:49,50:9A:4C:1E:05:BE,1,66,10.3.3.63,10.3.2.222,n,n,n,n,n,0,0.6456844806671143
50:9A:4C:1E:05:BE,48:BA:4E:23:EE:49,1,66,10.3.2.222,10.3.3.63,n,n,n,n,n,0,0.6459090709686279
48:BA:4E:23:EE:49,50:9A:4C:1E:05:BE,1,66,10.3.3.63,10.3.2.222,n,n,n,n,n,0,0.6460509300231934
50:9A:4C:1E:05:BE,48:BA:4E:23:EE:49,1,66,10.3.2.222,10.3.3.63,n,n,n,n,n,0,0.6462380886077881
48:BA:4E:23:EE:49,50:9A:4C:1E:05:BE,1,66,10.3.3.63,10.3.2.222,n,n,n,n,n,0,0.6463687419891357
50:9A:4C:1E:05:BE,48:BA:4E:23:EE:49,1,66,10.3.2.222,10.3.3.63,n,n,n,n,n,0,0.6465022563934326
48:BA:4E:23:EE:49,50:9A:4C:1E:05:BE,1,66,10.3.3.63,10.3.2.222,n,n,n,n,n,0,0.6466577053070068
50:9A:4C:1E:05:BE,48:BA:4E:23:EE:49,1,66,10.3.2.222,10.3.3.63,n,n,n,n,n,0,0.6468057632446289
48:BA:4E:23:EE:49,50:9A:4C:1E:05:BE,1,66,10.3.3.63,10.3.2.222,n,n,n,n,n,0,0.6470141410827637
50:9A:4C:1E:05:BE,48:BA:4E:23:EE:49,1,66,10.3.2.222,10.3.3.63,n,n,n,n,n,0,0.6474065780639648
48:BA:4E:23:EE:49,50:9A:4C:1E:05:BE,1,66,10.3.3.63,10.3.2.222,n,n,n,n,n,0,0.6478869915008545
50:9A:4C:1E:05:BE,48:BA:4E:23:EE:49,1,66,10.3.2.222,10.3.3.63,n,n,n,n,n,0,0.6483287811279297
48:BA:4E:23:EE:49,50:9A:4C:1E:05:BE,1,66,10.3.3.63,10.3.2.222,n,n,n,n,n,0,0.6488242149353027
50:9A:4C:1E:05:BE,48:BA:4E:23:EE:49,1,66,10.3.2.222,10.3.3.63,n,n,n,n,n,0,0.6493754386901855
48:BA:4E:23:EE:49,50:9A:4C:1E:05:BE,1,66,10.3.3.63,10.3.2.222,n,n,n,n,n,0,0.6500327587127686
50:9A:4C:1E:05:BE,48:BA:4E:23:EE:49,1,66,10.3.2.222,10.3.3.63,n,n,n,n,n,0,0.6506166458129883
48:BA:4E:23:EE:49,50:9A:4C:1E:05:BE,1,66,10.3.3.63,10.3.2.222,n,n,n,n,n,0,0.6512062549591064
50:9A:4C:1E:05:BE,48:BA:4E:23:EE:49,1,66,10.3.2.222,10.3.3.63,n,n,n,n,n,0,0.6517760753631592
48:BA:4E:23:EE:49,50:9A:4C:1E:05:BE,1,66,10.3.3.63,10.3.2.222,n,n,n,n,n,0,0.652207612991333
50:9A:4C:1E:05:BE,48:BA:4E:23:EE:49,1,66,10.3.2.222,10.3.3.63,n,n,n,n,n,0,0.6523206233978271
48:BA:4E:23:EE:49,50:9A:4C:1E:05:BE,1,66,10.3.3.63,10.3.2.222,n,n,n,n,n,0,0.6524121761322021
50:9A:4C:1E:05:BE,48:BA:4E:23:EE:49,1,66,10.3.2.222,10.3.3.63,n,n,n,n,n,0,0.6525332927703857
48:BA:4E:23:EE:49,50:9A:4C:1E:05:BE,1,66,10.3.3.63,10.3.2.222,n,n,n,n,n,0,0.6526839733123779
50:9A:4C:1E:05:BE,48:BA:4E:23:EE:49,1,66,10.3.2.222,10.3.3.63,n,n,n,n,n,0,0.652813196182251
48:BA:4E:23:EE:49,50:9A:4C:1E:05:BE,1,66,10.3.3.63,10.3.2.222,n,n,n,n,n,0,0.6529412269592285
50:9A:4C:1E:05:BE,48:BA:4E:23:EE:49,1,66,10.3.2.222,10.3.3.63,n,n,n,n,n,0,0.6530697345733643
48:BA:4E:23:EE:49,50:9A:4C:1E:05:BE,1,66,10.3.3.63,10.3.2.222,n,n,n,n,n,0,0.6531975269317627
50:9A:4C:1E:05:BE,48:BA:4E:23:EE:49,1,66,10.3.2.222,10.3.3.63,n,n,n,n,n,0,0.6533262729644775
48:BA:4E:23:EE:49,50:9A:4C:1E:05:BE,1,66,10.3.3.63,10.3.2.222,n,n,n,n,n,0,0.6534357070922852
50:9A:4C:1E:05:BE,48:BA:4E:23:EE:49,1,66,10.3.2.222,10.3.3.63,n,n,n,n,n,0,0.6535689830780029
48:BA:4E:23:EE:49,50:9A:4C:1E:05:BE,1,66,10.3.3.63,10.3.2.222,n,n,n,n,n,0,0.6537022590637207
50:9A:4C:1E:05:BE,48:BA:4E:23:EE:49,1,66,10.3.2.222,10.3.3.63,n,n,n,n,n,0,0.6538107395172119
48:BA:4E:23:EE:49,50:9A:4C:1E:05:BE,1,66,10.3.3.63,10.3.2.222,n,n,n,n,n,0,0.6539108753204346
50:9A:4C:1E:05:BE,48:BA:4E:23:EE:49,1,66,10.3.2.222,10.3.3.63,n,n,n,n,n,0,0.6540112495422363
48:BA:4E:23:EE:49,50:9A:4C:1E:05:BE,1,66,10.3.3.63,10.3.2.222,n,n,n,n,n,0,0.6541283130645752
50:9A:4C:1E:05:BE,48:BA:4E:23:EE:49,1,66,10.3.2.222,10.3.3.63,n,n,n,n,n,0,0.6542260646820068
48:BA:4E:23:EE:49,50:9A:4C:1E:05:BE,1,66,10.3.3.63,10.3.2.222,n,n,n,n,n,0,0.6543388366699219
50:9A:4C:1E:05:BE,48:BA:4E:23:EE:49,1,66,10.3.2.222,10.3.3.63,n,n,n,n,n,0,0.6544346809387207
48:BA:4E:23:EE:49,50:9A:4C:1E:05:BE,1,66,10.3.3.63,10.3.2.222,n,n,n,n,n,0,0.654538631439209
50:9A:4C:1E:05:BE,48:BA:4E:23:EE:49,1,66,10.3.2.222,10.3.3.63,n,n,n,n,n,0,0.6546666622161865
48:BA:4E:23:EE:49,50:9A:4C:1E:05:BE,1,66,10.3.3.63,10.3.2.222,n,n,n,n,n,0,0.6547815799713135
50:9A:4C:1E:05:BE,48:BA:4E:23:EE:49,1,66,10.3.2.222,10.3.3.63,n,n,n,n,n,0,0.6549127101898193
48:BA:4E:23:EE:49,50:9A:4C:1E:05:BE,1,66,10.3.3.63,10.3.2.222,n,n,n,n,n,0,0.6550440788269043
50:9A:4C:1E:05:BE,48:BA:4E:23:EE:49,1,66,10.3.2.222,10.3.3.63,n,n,n,n,n,0,0.6551589965820312
48:BA:4E:23:EE:49,50:9A:4C:1E:05:BE,1,66,10.3.3.63,10.3.2.222,n,n,n,n,n,0,0.655297040939331
50:9A:4C:1E:05:BE,48:BA:4E:23:EE:49,1,66,10.3.2.222,10.3.3.63,n,n,n,n,n,0,0.6554250717163086
48:BA:4E:23:EE:49,50:9A:4C:1E:05:BE,1,66,10.3.3.63,10.3.2.222,n,n,n,n,n,0,0.6555514335632324
50:9A:4C:1E:05:BE,48:BA:4E:23:EE:49,1,66,10.3.2.222,10.3.3.63,n,n,n,n,n,0,0.6556711196899414
48:BA:4E:23:EE:49,50:9A:4C:1E:05:BE,1,66,10.3.3.63,10.3.2.222,n,n,n,n,n,0,0.6557774543762207
50:9A:4C:1E:05:BE,48:BA:4E:23:EE:49,1,66,10.3.2.222,10.3.3.63,n,n,n,n,n,0,0.6558897495269775
48:BA:4E:23:EE:49,50:9A:4C:1E:05:BE,1,66,10.3.3.63,10.3.2.222,n,n,n,n,n,0,0.6560027599334717
50:9A:4C:1E:05:BE,48:BA:4E:23:EE:49,1,66,10.3.2.222,10.3.3.63,n,n,n,n,n,0,0.6561036109924316
48:BA:4E:23:EE:49,50:9A:4C:1E:05:BE,1,66,10.3.3.63,10.3.2.222,n,n,n,n,n,0,0.6562016010284424
50:9A:4C:1E:05:BE,48:BA:4E:23:EE:49,1,66,10.3.2.222,10.3.3.63,n,n,n,n,n,0,0.6562995910644531
48:BA:4E:23:EE:49,50:9A:4C:1E:05:BE,1,66,10.3.3.63,10.3.2.222,n,n,n,n,n,0,0.6564011573791504
50:9A:4C:1E:05:BE,48:BA:4E:23:EE:49,1,66,10.3.2.222,10.3.3.63,n,n,n,n,n,0,0.6564981937408447
48:BA:4E:23:EE:49,50:9A:4C:1E:05:BE,1,66,10.3.3.63,10.3.2.222,n,n,n,n,n,0,0.656667947769165
50:9A:4C:1E:05:BE,48:BA:4E:23:EE:49,1,66,10.3.2.222,10.3.3.63,n,n,n,n,n,0,0.6567771434783936
48:BA:4E:23:EE:49,50:9A:4C:1E:05:BE,1,66,10.3.3.63,10.3.2.222,n,n,n,n,n,0,0.6568877696990967
50:9A:4C:1E:05:BE,48:BA:4E:23:EE:49,1,66,10.3.2.222,10.3.3.63,n,n,n,n,n,0,0.6570091247558594
48:BA:4E:23:EE:49,50:9A:4C:1E:05:BE,1,66,10.3.3.63,10.3.2.222,n,n,n,n,n,0,0.6571166515350342
50:9A:4C:1E:05:BE,48:BA:4E:23:EE:49,1,66,10.3.2.222,10.3.3.63,n,n,n,n,n,0,0.6572256088256836
48:BA:4E:23:EE:49,50:9A:4C:1E:05:BE,1,66,10.3.3.63,10.3.2.222,n,n,n,n,n,0,0.6573431491851807
50:9A:4C:1E:05:BE,48:BA:4E:23:EE:49,1,66,10.3.2.222,10.3.3.63,n,n,n,n,n,0,0.657444953918457
48:BA:4E:23:EE:49,50:9A:4C:1E:05:BE,1,66,10.3.3.63,10.3.2.222,n,n,n,n,n,0,0.6575689315795898
50:9A:4C:1E:05:BE,48:BA:4E:23:EE:49,1,66,10.3.2.222,10.3.3.63,n,n,n,n,n,0,0.6576895713806152
48:BA:4E:23:EE:49,50:9A:4C:1E:05:BE,1,66,10.3.3.63,10.3.2.222,n,n,n,n,n,0,0.6577963829040527
50:9A:4C:1E:05:BE,48:BA:4E:23:EE:49,1,66,10.3.2.222,10.3.3.63,n,n,n,n,n,0,0.6579062938690186
48:BA:4E:23:EE:49,50:9A:4C:1E:05:BE,1,66,10.3.3.63,10.3.2.222,n,n,n,n,n,0,0.6580314636230469
50:9A:4C:1E:05:BE,48:BA:4E:23:EE:49,1,66,10.3.2.222,10.3.3.63,n,n,n,n,n,0,0.6581375598907471
48:BA:4E:23:EE:49,50:9A:4C:1E:05:BE,1,66,10.3.3.63,10.3.2.222,n,n,n,n,n,0,0.6582458019256592
50:9A:4C:1E:05:BE,48:BA:4E:23:EE:49,1,66,10.3.2.222,10.3.3.63,n,n,n,n,n,0,0.6583874225616455
48:BA:4E:23:EE:49,50:9A:4C:1E:05:BE,1,66,10.3.3.63,10.3.2.222,n,n,n,n,n,0,0.6584999561309814
50:9A:4C:1E:05:BE,48:BA:4E:23:EE:49,1,66,10.3.2.222,10.3.3.63,n,n,n,n,n,0,0.658602237701416
48:BA:4E:23:EE:49,50:9A:4C:1E:05:BE,1,66,10.3.3.63,10.3.2.222,n,n,n,n,n,0,0.6587264537811279
50:9A:4C:1E:05:BE,48:BA:4E:23:EE:49,1,66,10.3.2.222,10.3.3.63,n,n,n,n,n,0,0.6588413715362549
48:BA:4E:23:EE:49,50:9A:4C:1E:05:BE,1,66,10.3.3.63,10.3.2.222,n,n,n,n,n,0,0.6589577198028564
50:9A:4C:1E:05:BE,48:BA:4E:23:EE:49,1,66,10.3.2.222,10.3.3.63,n,n,n,n,n,0,0.6590919494628906
48:BA:4E:23:EE:49,50:9A:4C:1E:05:BE,1,66,10.3.3.63,10.3.2.222,n,n,n,n,n,0,0.6592075824737549
50:9A:4C:1E:05:BE,48:BA:4E:23:EE:49,1,66,10.3.2.222,10.3.3.63,n,n,n,n,n,0,0.6593112945556641
48:BA:4E:23:EE:49,50:9A:4C:1E:05:BE,1,66,10.3.3.63,10.3.2.222,n,n,n,n,n,0,0.6594336032867432
50:9A:4C:1E:05:BE,48:BA:4E:23:EE:49,1,66,10.3.2.222,10.3.3.63,n,n,n,n,n,0,0.6595485210418701
48:BA:4E:23:EE:49,50:9A:4C:1E:05:BE,1,66,10.3.3.63,10.3.2.222,n,n,n,n,n,0,0.6596529483795166
50:9A:4C:1E:05:BE,48:BA:4E:23:EE:49,1,66,10.3.2.222,10.3.3.63,n,n,n,n,n,0,0.6597752571105957
48:BA:4E:23:EE:49,50:9A:4C:1E:05:BE,1,66,10.3.3.63,10.3.2.222,n,n,n,n,n,0,0.6598925590515137
50:9A:4C:1E:05:BE,48:BA:4E:23:EE:49,1,66,10.3.2.222,10.3.3.63,n,n,n,n,n,0,0.6599986553192139
48:BA:4E:23:EE:49,50:9A:4C:1E:05:BE,1,66,10.3.3.63,10.3.2.222,n,n,n,n,n,0,0.6601228713989258
50:9A:4C:1E:05:BE,48:BA:4E:23:EE:49,1,66,10.3.2.222,10.3.3.63,n,n,n,n,n,0,0.6602356433868408
48:BA:4E:23:EE:49,50:9A:4C:1E:05:BE,1,66,10.3.3.63,10.3.2.222,n,n,n,n,n,0,0.6603493690490723
50:9A:4C:1E:05:BE,48:BA:4E:23:EE:49,1,66,10.3.2.222,10.3.3.63,n,n,n,n,n,0,0.6604671478271484
48:BA:4E:23:EE:49,50:9A:4C:1E:05:BE,1,66,10.3.3.63,10.3.2.222,n,n,n,n,n,0,0.6605808734893799
50:9A:4C:1E:05:BE,48:BA:4E:23:EE:49,1,66,10.3.2.222,10.3.3.63,n,n,n,n,n,0,0.6606857776641846
48:BA:4E:23:EE:49,50:9A:4C:1E:05:BE,1,66,10.3.3.63,10.3.2.222,n,n,n,n,n,0,0.6608085632324219
50:9A:4C:1E:05:BE,48:BA:4E:23:EE:49,1,66,10.3.2.222,10.3.3.63,n,n,n,n,n,0,0.6609232425689697
48:BA:4E:23:EE:49,50:9A:4C:1E:05:BE,1,66,10.3.3.63,10.3.2.222,n,n,n,n,n,0,0.6610286235809326
50:9A:4C:1E:05:BE,48:BA:4E:23:EE:49,1,66,10.3.2.222,10.3.3.63,n,n,n,n,n,0,0.6611495018005371
48:BA:4E:23:EE:49,50:9A:4C:1E:05:BE,1,66,10.3.3.63,10.3.2.222,n,n,n,n,n,0,0.6612620353698729
50:9A:4C:1E:05:BE,48:BA:4E:23:EE:49,1,66,10.3.2.222,10.3.3.63,n,n,n,n,n,0,0.6613667011260986
48:BA:4E:23:EE:49,50:9A:4C:1E:05:BE,1,66,10.3.3.63,10.3.2.222,n,n,n,n,n,0,0.6614995002746582
50:9A:4C:1E:05:BE,48:BA:4E:23:EE:49,1,66,10.3.2.222,10.3.3.63,n,n,n,n,n,0,0.6616001129150391
48:BA:4E:23:EE:49,50:9A:4C:1E:05:BE,1,66,10.3.3.63,10.3.2.222,n,n,n,n,n,0,0.6617269515991211
50:9A:4C:1E:05:BE,48:BA:4E:23:EE:49,1,66,10.3.2.222,10.3.3.63,n,n,n,n,n,0,0.6618566513061523
48:BA:4E:23:EE:49,50:9A:4C:1E:05:BE,1,66,10.3.3.63,10.3.2.222,n,n,n,n,n,0,0.661996603012085
50:9A:4C:1E:05:BE,48:BA:4E:23:EE:49,1,66,10.3.2.222,10.3.3.63,n,n,n,n,n,0,0.6621136665344238
48:BA:4E:23:EE:49,50:9A:4C:1E:05:BE,1,66,10.3.3.63,10.3.2.222,n,n,n,n,n,0,0.6622192859649658
50:9A:4C:1E:05:BE,48:BA:4E:23:EE:49,1,66,10.3.2.222,10.3.3.63,n,n,n,n,n,0,0.6623411178588867
48:BA:4E:23:EE:49,50:9A:4C:1E:05:BE,1,66,10.3.3.63,10.3.2.222,n,n,n,n,n,0,0.6624586582183838
50:9A:4C:1E:05:BE,48:BA:4E:23:EE:49,1,66,10.3.2.222,10.3.3.63,n,n,n,n,n,0,0.6625657081604004
48:BA:4E:23:EE:49,50:9A:4C:1E:05:BE,1,66,10.3.3.63,10.3.2.222,n,n,n,n,n,0,0.6626889705657959
50:9A:4C:1E:05:BE,48:BA:4E:23:EE:49,1,66,10.3.2.222,10.3.3.63,n,n,n,n,n,0,0.6628012657165527
48:BA:4E:23:EE:49,50:9A:4C:1E:05:BE,1,66,10.3.3.63,10.3.2.222,n,n,n,n,n,0,0.6629083156585693
50:9A:4C:1E:05:BE,48:BA:4E:23:EE:49,1,66,10.3.2.222,10.3.3.63,n,n,n,n,n,0,0.6630806922912598
48:BA:4E:23:EE:49,50:9A:4C:1E:05:BE,1,66,10.3.3.63,10.3.2.222,n,n,n,n,n,0,0.6631968021392822
50:9A:4C:1E:05:BE,48:BA:4E:23:EE:49,1,66,10.3.2.222,10.3.3.63,n,n,n,n,n,0,0.6633009910583496
50:9A:4C:1E:05:BE,48:BA:4E:23:EE:49,1,66,10.3.2.222,10.3.3.63,n,n,n,n,n,0,0.6634242534637451
50:9A:4C:1E:05:BE,48:BA:4E:23:EE:49,1,66,10.3.2.222,10.3.3.63,n,n,n,n,n,0,0.6635391712188721
50:9A:4C:1E:05:BE,48:BA:4E:23:EE:49,1,66,10.3.2.222,10.3.3.63,n,n,n,n,n,0,0.6636440753936768
50:9A:4C:1E:05:BE,48:BA:4E:23:EE:49,1,66,10.3.2.222,10.3.3.63,n,n,n,n,n,0,0.6637673377990723
50:9A:4C:1E:05:BE,48:BA:4E:23:EE:49,1,66,10.3.2.222,10.3.3.63,n,n,n,n,n,0,0.663888692855835
50:9A:4C:1E:05:BE,48:BA:4E:23:EE:49,1,66,10.3.2.222,10.3.3.63,n,n,n,n,n,0,0.6639924049377441
50:9A:4C:1E:05:BE,48:BA:4E:23:EE:49,1,66,10.3.2.222,10.3.3.63,n,n,n,n,n,0,0.6641137599945068
50:9A:4C:1E:05:BE,48:BA:4E:23:EE:49,1,66,10.3.2.222,10.3.3.63,n,n,n,n,n,0,0.664229154586792
50:9A:4C:1E:05:BE,48:BA:4E:23:EE:49,1,66,10.3.2.222,10.3.3.63,n,n,n,n,n,0,0.6643333435058594
50:9A:4C:1E:05:BE,48:BA:4E:23:EE:49,1,66,10.3.2.222,10.3.3.63,n,n,n,n,n,0,0.6644546985626221
50:9A:4C:1E:05:BE,48:BA:4E:23:EE:49,1,66,10.3.2.222,10.3.3.63,n,n,n,n,n,0,0.6645693778991699
50:9A:4C:1E:05:BE,48:BA:4E:23:EE:49,1,66,10.3.2.222,10.3.3.63,n,n,n,n,n,0,0.6646745204925537
50:9A:4C:1E:05:BE,48:BA:4E:23:EE:49,1,66,10.3.2.222,10.3.3.63,n,n,n,n,n,0,0.6648015975952148
50:9A:4C:1E:05:BE,48:BA:4E:23:EE:49,1,66,10.3.2.222,10.3.3.63,n,n,n,n,n,0,0.6649072170257568
50:9A:4C:1E:05:BE,48:BA:4E:23:EE:49,1,66,10.3.2.222,10.3.3.63,n,n,n,n,n,0,0.6650066375732422
50:9A:4C:1E:05:BE,48:BA:4E:23:EE:49,1,66,10.3.2.222,10.3.3.63,n,n,n,n,n,0,0.6650991439819336
50:9A:4C:1E:05:BE,48:BA:4E:23:EE:49,1,66,10.3.2.222,10.3.3.63,n,n,n,n,n,0,0.6652226448059082
50:9A:4C:1E:05:BE,48:BA:4E:23:EE:49,1,66,10.3.2.222,10.3.3.63,n,n,n,n,n,0,0.6653528213500977
50:9A:4C:1E:05:BE,48:BA:4E:23:EE:49,1,66,10.3.2.222,10.3.3.63,n,n,n,n,n,0,0.665496826171875
50:9A:4C:1E:05:BE,48:BA:4E:23:EE:49,1,66,10.3.2.222,10.3.3.63,n,n,n,n,n,0,0.6656501293182373
50:9A:4C:1E:05:BE,48:BA:4E:23:EE:49,1,66,10.3.2.222,10.3.3.63,n,n,n,n,n,0,0.6657795906066895
50:9A:4C:1E:05:BE,48:BA:4E:23:EE:49,1,66,10.3.2.222,10.3.3.63,n,n,n,n,n,0,0.6659157276153564
50:9A:4C:1E:05:BE,48:BA:4E:23:EE:49,1,66,10.3.2.222,10.3.3.63,n,n,n,n,n,0,0.666034460067749
50:9A:4C:1E:05:BE,48:BA:4E:23:EE:49,1,66,10.3.2.222,10.3.3.63,n,n,n,n,n,0,0.6661422252655029
50:9A:4C:1E:05:BE,48:BA:4E:23:EE:49,1,66,10.3.2.222,10.3.3.63,n,n,n,n,n,0,0.6662540435791016
50:9A:4C:1E:05:BE,48:BA:4E:23:EE:49,1,66,10.3.2.222,10.3.3.63,n,n,n,n,n,0,0.6663639545440674
50:9A:4C:1E:05:BE,48:BA:4E:23:EE:49,1,66,10.3.2.222,10.3.3.63,n,n,n,n,n,0,0.6664731502532959
50:9A:4C:1E:05:BE,48:BA:4E:23:EE:49,1,66,10.3.2.222,10.3.3.63,n,n,n,n,n,0,0.6665973663330078
50:9A:4C:1E:05:BE,48:BA:4E:23:EE:49,1,66,10.3.2.222,10.3.3.63,n,n,n,n,n,0,0.6667046546936035
50:9A:4C:1E:05:BE,48:BA:4E:23:EE:49,1,66,10.3.2.222,10.3.3.63,n,n,n,n,n,0,0.666806697845459
50:9A:4C:1E:05:BE,48:BA:4E:23:EE:49,1,66,10.3.2.222,10.3.3.63,n,n,n,n,n,0,0.666926383972168
50:9A:4C:1E:05:BE,48:BA:4E:23:EE:49,1,66,10.3.2.222,10.3.3.63,n,n,n,n,n,0,0.667034387588501
50:9A:4C:1E:05:BE,48:BA:4E:23:EE:49,1,66,10.3.2.222,10.3.3.63,n,n,n,n,n,0,0.6671407222747803
50:9A:4C:1E:05:BE,48:BA:4E:23:EE:49,1,66,10.3.2.222,10.3.3.63,n,n,n,n,n,0,0.6672768592834473
50:9A:4C:1E:05:BE,48:BA:4E:23:EE:49,1,66,10.3.2.222,10.3.3.63,n,n,n,n,n,0,0.6673989295959473
50:9A:4C:1E:05:BE,48:BA:4E:23:EE:49,1,66,10.3.2.222,10.3.3.63,n,n,n,n,n,0,0.6675183773040771
50:9A:4C:1E:05:BE,48:BA:4E:23:EE:49,1,66,10.3.2.222,10.3.3.63,n,n,n,n,n,0,0.6676476001739502
50:9A:4C:1E:05:BE,48:BA:4E:23:EE:49,1,66,10.3.2.222,10.3.3.63,n,n,n,n,n,0,0.6677756309509277
50:9A:4C:1E:05:BE,48:BA:4E:23:EE:49,1,66,10.3.2.222,10.3.3.63,n,n,n,n,n,0,0.6679136753082275
50:9A:4C:1E:05:BE,48:BA:4E:23:EE:49,1,66,10.3.2.222,10.3.3.63,n,n,n,n,n,0,0.6680326461791992
50:9A:4C:1E:05:BE,48:BA:4E:23:EE:49,1,66,10.3.2.222,10.3.3.63,n,n,n,n,n,0,0.6681413650512695
50:9A:4C:1E:05:BE,48:BA:4E:23:EE:49,1,66,10.3.2.222,10.3.3.63,n,n,n,n,n,0,0.6682708263397217
50:9A:4C:1E:05:BE,48:BA:4E:23:EE:49,1,66,10.3.2.222,10.3.3.63,n,n,n,n,n,0,0.6683840751647949
50:9A:4C:1E:05:BE,48:BA:4E:23:EE:49,1,66,10.3.2.222,10.3.3.63,n,n,n,n,n,0,0.6684894561767578
50:9A:4C:1E:05:BE,48:BA:4E:23:EE:49,1,66,10.3.2.222,10.3.3.63,n,n,n,n,n,0,0.6686055660247803
50:9A:4C:1E:05:BE,48:BA:4E:23:EE:49,1,66,10.3.2.222,10.3.3.63,n,n,n,n,n,0,0.6687331199645996
50:9A:4C:1E:05:BE,48:BA:4E:23:EE:49,1,66,10.3.2.222,10.3.3.63,n,n,n,n,n,0,0.668860673904419
50:9A:4C:1E:05:BE,48:BA:4E:23:EE:49,1,66,10.3.2.222,10.3.3.63,n,n,n,n,n,0,0.6689801216125488
50:9A:4C:1E:05:BE,48:BA:4E:23:EE:49,1,66,10.3.2.222,10.3.3.63,n,n,n,n,n,0,0.6690938472747803
50:9A:4C:1E:05:BE,48:BA:4E:23:EE:49,1,66,10.3.2.222,10.3.3.63,n,n,n,n,n,0,0.6692128181457521
50:9A:4C:1E:05:BE,48:BA:4E:23:EE:49,1,66,10.3.2.222,10.3.3.63,n,n,n,n,n,0,0.6693265438079834
50:9A:4C:1E:05:BE,48:BA:4E:23:EE:49,1,66,10.3.2.222,10.3.3.63,n,n,n,n,n,0,0.6694333553314209
50:9A:4C:1E:05:BE,48:BA:4E:23:EE:49,1,66,10.3.2.222,10.3.3.63,n,n,n,n,n,0,0.6695976257324219
50:9A:4C:1E:05:BE,48:BA:4E:23:EE:49,1,66,10.3.2.222,10.3.3.63,n,n,n,n,n,0,0.6697094440460205
50:9A:4C:1E:05:BE,48:BA:4E:23:EE:49,1,66,10.3.2.222,10.3.3.63,n,n,n,n,n,0,0.6698412895202637
50:9A:4C:1E:05:BE,48:BA:4E:23:EE:49,1,66,10.3.2.222,10.3.3.63,n,n,n,n,n,0,0.669968843460083
50:9A:4C:1E:05:BE,48:BA:4E:23:EE:49,1,66,10.3.2.222,10.3.3.63,n,n,n,n,n,0,0.6700811386108398
50:9A:4C:1E:05:BE,48:BA:4E:23:EE:49,1,66,10.3.2.222,10.3.3.63,n,n,n,n,n,0,0.6701948642730713
50:9A:4C:1E:05:BE,48:BA:4E:23:EE:49,1,66,10.3.2.222,10.3.3.63,n,n,n,n,n,0,0.6703095436096191
50:9A:4C:1E:05:BE,48:BA:4E:23:EE:49,1,66,10.3.2.222,10.3.3.63,n,n,n,n,n,0,0.6704173088073729
50:9A:4C:1E:05:BE,48:BA:4E:23:EE:49,1,66,10.3.2.222,10.3.3.63,n,n,n,n,n,0,0.6705291271209717
50:9A:4C:1E:05:BE,48:BA:4E:23:EE:49,1,66,10.3.2.222,10.3.3.63,n,n,n,n,n,0,0.6706485748291016
50:9A:4C:1E:05:BE,48:BA:4E:23:EE:49,1,66,10.3.2.222,10.3.3.63,n,n,n,n,n,0,0.6707572937011719
50:9A:4C:1E:05:BE,48:BA:4E:23:EE:49,1,66,10.3.2.222,10.3.3.63,n,n,n,n,n,0,0.6708714962005615
50:9A:4C:1E:05:BE,48:BA:4E:23:EE:49,1,66,10.3.2.222,10.3.3.63,n,n,n,n,n,0,0.6709823608398438
50:9A:4C:1E:05:BE,48:BA:4E:23:EE:49,1,66,10.3.2.222,10.3.3.63,n,n,n,n,n,0,0.6710968017578125
50:9A:4C:1E:05:BE,48:BA:4E:23:EE:49,1,66,10.3.2.222,10.3.3.63,n,n,n,n,n,0,0.6712055206298828
50:9A:4C:1E:05:BE,48:BA:4E:23:EE:49,1,66,10.3.2.222,10.3.3.63,n,n,n,n,n,0,0.6713287830352783
50:9A:4C:1E:05:BE,48:BA:4E:23:EE:49,1,66,10.3.2.222,10.3.3.63,n,n,n,n,n,0,0.6714503765106201
50:9A:4C:1E:05:BE,48:BA:4E:23:EE:49,1,66,10.3.2.222,10.3.3.63,n,n,n,n,n,0,0.6715764999389648
50:9A:4C:1E:05:BE,48:BA:4E:23:EE:49,1,66,10.3.2.222,10.3.3.63,n,n,n,n,n,0,0.6717016696929932
50:9A:4C:1E:05:BE,48:BA:4E:23:EE:49,1,66,10.3.2.222,10.3.3.63,n,n,n,n,n,0,0.6718151569366455
50:9A:4C:1E:05:BE,48:BA:4E:23:EE:49,1,66,10.3.2.222,10.3.3.63,n,n,n,n,n,0,0.6719424724578857
50:9A:4C:1E:05:BE,48:BA:4E:23:EE:49,1,66,10.3.2.222,10.3.3.63,n,n,n,n,n,0,0.6720645427703857
50:9A:4C:1E:05:BE,48:BA:4E:23:EE:49,1,66,10.3.2.222,10.3.3.63,n,n,n,n,n,0,0.672187089920044
50:9A:4C:1E:05:BE,48:BA:4E:23:EE:49,1,66,10.3.2.222,10.3.3.63,n,n,n,n,n,0,0.6722996234893799
50:9A:4C:1E:05:BE,48:BA:4E:23:EE:49,1,66,10.3.2.222,10.3.3.63,n,n,n,n,n,0,0.6724252700805664
50:9A:4C:1E:05:BE,48:BA:4E:23:EE:49,1,66,10.3.2.222,10.3.3.63,n,n,n,n,n,0,0.672553300857544
50:9A:4C:1E:05:BE,48:BA:4E:23:EE:49,1,66,10.3.2.222,10.3.3.63,n,n,n,n,n,0,0.6726648807525635
50:9A:4C:1E:05:BE,48:BA:4E:23:EE:49,1,66,10.3.2.222,10.3.3.63,n,n,n,n,n,0,0.6727957725524902
50:9A:4C:1E:05:BE,48:BA:4E:23:EE:49,1,66,10.3.2.222,10.3.3.63,n,n,n,n,n,0,0.6729128360748291
50:9A:4C:1E:05:BE,48:BA:4E:23:EE:49,1,66,10.3.2.222,10.3.3.63,n,n,n,n,n,0,0.6730215549468994
50:9A:4C:1E:05:BE,48:BA:4E:23:EE:49,1,66,10.3.2.222,10.3.3.63,n,n,n,n,n,0,0.6731183528900146
50:9A:4C:1E:05:BE,48:BA:4E:23:EE:49,1,66,10.3.2.222,10.3.3.63,n,n,n,n,n,0,0.6732528209686279
50:9A:4C:1E:05:BE,48:BA:4E:23:EE:49,1,66,10.3.2.222,10.3.3.63,n,n,n,n,n,0,0.6734006404876709
50:9A:4C:1E:05:BE,48:BA:4E:23:EE:49,1,66,10.3.2.222,10.3.3.63,n,n,n,n,n,0,0.6735327243804932
50:9A:4C:1E:05:BE,48:BA:4E:23:EE:49,1,66,10.3.2.222,10.3.3.63,n,n,n,n,n,0,0.6736817359924316
50:9A:4C:1E:05:BE,48:BA:4E:23:EE:49,1,66,10.3.2.222,10.3.3.63,n,n,n,n,n,0,0.6738219261169434
50:9A:4C:1E:05:BE,48:BA:4E:23:EE:49,1,66,10.3.2.222,10.3.3.63,n,n,n,n,n,0,0.673945426940918
50:9A:4C:1E:05:BE,48:BA:4E:23:EE:49,1,66,10.3.2.222,10.3.3.63,n,n,n,n,n,0,0.6740708351135254
50:9A:4C:1E:05:BE,48:BA:4E:23:EE:49,1,66,10.3.2.222,10.3.3.63,n,n,n,n,n,0,0.6741988658905029
50:9A:4C:1E:05:BE,48:BA:4E:23:EE:49,1,66,10.3.2.222,10.3.3.63,n,n,n,n,n,0,0.6743307113647461
50:9A:4C:1E:05:BE,48:BA:4E:23:EE:49,1,66,10.3.2.222,10.3.3.63,n,n,n,n,n,0,0.6744515895843506
50:9A:4C:1E:05:BE,48:BA:4E:23:EE:49,1,66,10.3.2.222,10.3.3.63,n,n,n,n,n,0,0.6745636463165283
50:9A:4C:1E:05:BE,48:BA:4E:23:EE:49,1,66,10.3.2.222,10.3.3.63,n,n,n,n,n,0,0.6747081279754639
50:9A:4C:1E:05:BE,48:BA:4E:23:EE:49,1,66,10.3.2.222,10.3.3.63,n,n,n,n,n,0,0.6748154163360596
50:9A:4C:1E:05:BE,48:BA:4E:23:EE:49,1,66,10.3.2.222,10.3.3.63,n,n,n,n,n,0,0.6749422550201416
50:9A:4C:1E:05:BE,48:BA:4E:23:EE:49,1,66,10.3.2.222,10.3.3.63,n,n,n,n,n,0,0.6750881671905518
50:9A:4C:1E:05:BE,48:BA:4E:23:EE:49,1,66,10.3.2.222,10.3.3.63,n,n,n,n,n,0,0.6752085685729979
50:9A:4C:1E:05:BE,48:BA:4E:23:EE:49,1,66,10.3.2.222,10.3.3.63,n,n,n,n,n,0,0.6753556728363037
50:9A:4C:1E:05:BE,48:BA:4E:23:EE:49,1,66,10.3.2.222,10.3.3.63,n,n,n,n,n,0,0.6754961013793945
50:9A:4C:1E:05:BE,48:BA:4E:23:EE:49,1,66,10.3.2.222,10.3.3.63,n,n,n,n,n,0,0.6756227016448975
50:9A:4C:1E:05:BE,48:BA:4E:23:EE:49,1,66,10.3.2.222,10.3.3.63,n,n,n,n,n,0,0.6757676601409912
50:9A:4C:1E:05:BE,48:BA:4E:23:EE:49,1,66,10.3.2.222,10.3.3.63,n,n,n,n,n,0,0.675891637802124
50:9A:4C:1E:05:BE,48:BA:4E:23:EE:49,1,66,10.3.2.222,10.3.3.63,n,n,n,n,n,0,0.6760046482086182
50:9A:4C:1E:05:BE,48:BA:4E:23:EE:49,1,66,10.3.2.222,10.3.3.63,n,n,n,n,n,0,0.6761109828948975
50:9A:4C:1E:05:BE,48:BA:4E:23:EE:49,1,66,10.3.2.222,10.3.3.63,n,n,n,n,n,0,0.6762068271636963
50:9A:4C:1E:05:BE,48:BA:4E:23:EE:49,1,66,10.3.2.222,10.3.3.63,n,n,n,n,n,0,0.6763010025024414
50:9A:4C:1E:05:BE,48:BA:4E:23:EE:49,1,66,10.3.2.222,10.3.3.63,n,n,n,n,n,0,0.6763954162597656
50:9A:4C:1E:05:BE,48:BA:4E:23:EE:49,1,66,10.3.2.222,10.3.3.63,n,n,n,n,n,0,0.6764886379241943
50:9A:4C:1E:05:BE,48:BA:4E:23:EE:49,1,66,10.3.2.222,10.3.3.63,n,n,n,n,n,0,0.6765844821929932
50:9A:4C:1E:05:BE,48:BA:4E:23:EE:49,1,66,10.3.2.222,10.3.3.63,n,n,n,n,n,0,0.6766796112060547
50:9A:4C:1E:05:BE,48:BA:4E:23:EE:49,1,66,10.3.2.222,10.3.3.63,n,n,n,n,n,0,0.6767759323120117
50:9A:4C:1E:05:BE,48:BA:4E:23:EE:49,1,66,10.3.2.222,10.3.3.63,n,n,n,n,n,0,0.6768696308135986
50:9A:4C:1E:05:BE,48:BA:4E:23:EE:49,1,66,10.3.2.222,10.3.3.63,n,n,n,n,n,0,0.6769626140594482
50:9A:4C:1E:09:A4,48:BA:4E:23:EE:49,1,66,10.3.2.221,10.3.3.63,n,n,n,n,n,0,1.024122953414917
48:BA:4E:23:EE:49,50:9A:4C:1E:09:A4,1,66,10.3.3.63,10.3.2.221,n,n,n,n,n,0,1.0250227451324463
50:9A:4C:1E:09:A4,48:BA:4E:23:EE:49,1,66,10.3.2.221,10.3.3.63,n,n,n,n,n,0,2.048128843307495
48:BA:4E:23:EE:49,50:9A:4C:1E:09:A4,1,66,10.3.3.63,10.3.2.221,n,n,n,n,n,0,2.0489425659179688
50:9A:4C:1E:09:A4,48:BA:4E:23:EE:49,1,66,10.3.2.221,10.3.3.63,n,n,n,n,n,0,3.0719425678253174
48:BA:4E:23:EE:49,50:9A:4C:1E:09:A4,1,66,10.3.3.63,10.3.2.221,n,n,n,n,n,0,3.073154926300049
50:9A:4C:1E:09:A4,48:BA:4E:23:EE:49,1,66,10.3.2.221,10.3.3.63,n,n,n,n,n,0,4.0961217880249015
48:BA:4E:23:EE:49,50:9A:4C:1E:09:A4,1,66,10.3.3.63,10.3.2.221,n,n,n,n,n,0,4.0969886779785165
50:9A:4C:1E:09:A4,48:BA:4E:23:EE:49,1,66,10.3.2.221,10.3.3.63,n,n,n,n,n,0,5.120116233825684
48:BA:4E:23:EE:49,50:9A:4C:1E:09:A4,1,66,10.3.3.63,10.3.2.221,n,n,n,n,n,0,5.121034860610962
50:9A:4C:1E:09:A4,48:BA:4E:23:EE:49,1,66,10.3.2.221,10.3.3.63,n,n,n,n,n,0,6.143944263458253
48:BA:4E:23:EE:49,50:9A:4C:1E:09:A4,1,66,10.3.3.63,10.3.2.221,n,n,n,n,n,0,6.1447386741638175
50:9A:4C:1E:09:A4,48:BA:4E:23:EE:49,1,66,10.3.2.221,10.3.3.63,n,n,n,n,n,0,7.167990684509277
48:BA:4E:23:EE:49,50:9A:4C:1E:09:A4,1,66,10.3.3.63,10.3.2.221,n,n,n,n,n,0,7.168782711029053
50:9A:4C:1E:09:A4,48:BA:4E:23:EE:49,1,66,10.3.2.221,10.3.3.63,n,n,n,n,n,0,8.191965341567991
48:BA:4E:23:EE:49,50:9A:4C:1E:09:A4,1,66,10.3.3.63,10.3.2.221,n,n,n,n,n,0,8.192771196365356
50:9A:4C:1E:09:A4,48:BA:4E:23:EE:49,1,66,10.3.2.221,10.3.3.63,n,n,n,n,n,0,9.215935707092283
48:BA:4E:23:EE:49,50:9A:4C:1E:09:A4,1,66,10.3.3.63,10.3.2.221,n,n,n,n,n,0,9.216754913330078
